Lat,Long,Elevation,Prom,Name,Lat_dec,Long_dec,Icon
45°49'57",06°51'52",4808,4695,MONT BLANC,45.83250,6.86444,
47°04'27",12°41'40",3798,2428,GROSSGLOCKNER,47.07416,12.69444,
46°32'14",08°07'34",4274,2279,FINSTERAARHORN,46.53722,8.12611,
46°53'07",10°52'02",3768,2261,WILDSPITZE,46.88527,10.86722,
46°22'56",09°54'29",4049,2234,PIZ BERNINA,46.38222,9.90805,
47°25'13",13°03'45",2941,2181,HOCHKÖNIG,47.42027,13.06250,
45°56'13",07°52'01",4634,2165,MONTE ROSA (DUFOURSPITZE),45.93694,7.86694,
47°28'31",13°36'23",2995,2136,HOHER DACHSTEIN,47.47527,13.60638,
46°26'05",11°51'03",3343,2134,LA MARMOLADA (PUNTA PENIA),46.43472,11.85083,
44°40'03",07°05'27",3841,2062,MONTE VISO,44.66750,7.09083,
46°22'41",13°50'13",2864,2048,TRIGLAV,46.37805,13.83694,
44°55'21",06°21'36",4102,2045,BARRE DES ÉCRINS,44.92250,6.36000,
47°14'58",09°20'36",2502,2015,SÄNTIS,47.24944,9.34333,
46°30'32",10°32'41",3905,1953,ORTLER / ÓRTLES,46.50888,10.54472,
45°43'35",10°50'38",2218,1950,MONTE BALDO (CIMA VALDRITTA),45.72638,10.84388,
45°31'05",07°16'02",4061,1888,GRAN PARADISO,45.51805,7.26722,
46°04'18",10°00'41",3050,1878,PIZZO DI COCA,46.07166,10.01138,
45°59'51",11°28'05",2336,1874,CIMA DODICI / FEROZZO,45.99750,11.46805,
46°09'40",06°55'24",3257,1796,HAUTE CIME,46.16111,6.92333,
45°17'17",05°47'24",2082,1771,CHAMECHAUDE,45.28805,5.79000,
47°25'16",10°59'07",2962,1750,ZUGSPITZE,47.42111,10.98527,
46°27'09",12°15'38",3264,1735,MONTE ANTELAO,46.45250,12.26055,
45°40'54",06°13'42",2217,1713,POINTE D'ARCALOD,45.68166,6.22833,
46°21'25",14°32'10",2558,1706,GRINTOVEC,46.35694,14.53611,
47°43'01",14°03'48",2515,1705,GROSSER PRIEL,47.71694,14.06333,
45°57'12",09°23'15",2409,1686,GRIGNA SETTENTRIONALE,45.95333,9.38750,
45°59'17",11°01'53",2180,1679,MONTE BONDONE (CORNETTO),45.98805,11.03138,
46°13'12",10°39'50",3558,1676,PRESANELLA,46.22000,10.66388,
47°28'29",12°44'02",2634,1665,BIRNHORN,47.47472,12.73388,
46°13'39",12°24'10",2471,1644,COL NUDO,46.22750,12.40277,
45°57'20",06°33'22",2750,1643,POINTE PERCÉE,45.95555,6.55611,
46°26'09",13°26'01",2753,1597,JÔF DI MONTASIO / MONTASCH,46.43583,13.43361,
46°53'42",13°09'29",2784,1579,POLINIK,46.89500,13.15805,
46°48'40",08°54'53",3614,1570,TÖDI,46.81111,8.91472,
47°24'40",11°26'16",2749,1569,BIRKKARSPITZE,47.41111,11.43777,
47°33'44",12°18'11",2344,1551,ELLMAUER HALT,47.56222,12.30305,
44°46'32",05°50'23",2790,1542,GRANDE TÊTE DE L'OBIOU,44.77555,5.83972,
46°09'19",10°52'14",3173,1521,CIMA TOSA,46.15527,10.87055,
47°33'42",14°37'58",2369,1520,HOCHTOR,47.56166,14.63277,
47°31'14",14°01'01",2351,1518,GRIMMING,47.52055,14.01694,
45°56'15",07°17'57",4314,1517,GRAND COMBIN (DE GRAFENEIRE),45.93750,7.29916,
45°49'38",06°17'11",2351,1514,LA TOURNETTE,45.82722,6.28638,
47°03'49",14°34'02",2396,1502,ZIRBITZKOGEL,47.06361,14.56722,
46°37'17",09°52'22",3418,1502,PIZ KESCH,46.62138,9.87277,
45°02'23",05°55'30",2857,1490,LE TAILLEFER,45.03972,5.92500,
46°05'23",08°23'39",2299,1473,MONTE TOGANO,46.08972,8.39416,
46°38'36",08°25'16",3630,1465,DAMMASTOCK,46.64333,8.42111,
47°29'57",13°13'36",2430,1463,RAUCHECK,47.49916,13.22666,
46°54'00",09°28'03",2806,1461,HALDENSTEINER CALANDA,46.90000,9.46750,
45°52'24",11°47'57",1775,1456,MONTE GRAPPA,45.87333,11.79916,
46°22'48",12°03'12",3220,1454,CIVETTA,46.38000,12.05333,
45°56'19",10°41'53",2254,1434,MONTE CADRIA,45.93861,10.69805,
45°07'38",06°20'13",3514,1433,AIGUILLE MÉRIDIONALE D'ARVES,45.12722,6.33694,
46°20'33",12°25'15",2706,1420,CIMA DEI PRETI,46.34250,12.42083,
46°34'31",12°12'02",3221,1416,MONTE CRISTALLO,46.57527,12.20055,
46°06'14",08°51'58",1962,1408,MONTE TÁMARO,46.10388,8.86611,
45°54'56",09°12'35",1686,1407,MONTE SAN PRIMO,45.91555,9.20972,
46°21'36",13°26'18",2587,1403,KANIN / MONTE CANIN,46.36000,13.43833,
46°40'08",12°19'02",3145,1393,DREISCHUSTERSPITZE / CIMA TRE SCARPERI,46.66888,12.31722,
46°12'45",13°31'48",1642,1392,MATAJUR,46.21250,13.53000,
46°41'09",13°08'50",2371,1390,REISSKOFEL,46.68583,13.14722,
46°33'04",12°03'56",3244,1369,TOFANA DI MEZZO,46.55111,12.06555,
47°36'32",14°36'15",2224,1363,GROSSER BUCHSTEIN,47.60888,14.60416,
47°27'30",11°45'54",2299,1359,HOCHISS,47.45833,11.76500,
47°08'07",09°22'26",2385,1358,GAMSBERG,47.13527,9.37388,
46°44'16",09°36'50",2980,1349,AROSER ROTHORN,46.73777,9.61388,
47°46'02",15°48'18",2076,1348,KLOSTERWAPPEN,47.76722,15.80500,
46°45'32",13°42'56",2110,1343,MIRNOCK,46.75888,13.71555,
46°47'14",08°02'49",2350,1342,BRIENZER ROTHORN,46.78722,8.04694,
47°06'58",10°22'15",3168,1341,HOHER RIFFLER,47.11611,10.37083,
46°29'37",09°02'25",3402,1337,RHEINWALDHORN,46.49361,9.04027,
45°55'52",09°01'12",1701,1317,MONTE GENEROSO,45.93111,9.02000,
47°32'18",12°39'39",2511,1309,GROSSES OCHSENHORN,47.53833,12.66083,
45°24'19",06°49'40",3855,1305,POINTE DE LA GRANDE CASSE,45.40527,6.82777,
46°03'22",12°16'56",1763,1295,COL VISENTIN,46.05611,12.28222,
44°10'41",07°18'21",3297,1295,CIMA SUD ARGENTERA,44.17805,7.30583,
47°47'51",13°40'43",1862,1294,GROSSER HÖLLKOGEL,47.79750,13.67861,
47°39'09",14°23'53",2244,1290,GROSSER PYHRGAS,47.65250,14.39805,
47°03'24",08°29'07",1798,1289,RIGI KULM,47.05666,8.48527,
44°57'53",06°45'06",3131,1281,MONT CHABERTON,44.96472,6.75166,
47°41'37",12°59'15",1972,1278,BERCHTESGADENER HOCHTHRON,47.69361,12.98750,
46°31'37",12°37'17",2586,1277,MONTE TERZA GRANDE,46.52694,12.62138,
46°17'24",11°49'47",3192,1273,CIMA DELLA VEZZANA,46.29000,11.82972,
46°44'18",13°23'48",2236,1268,LATSCHUR,46.73833,13.39666,
44°37'38",05°56'07",2709,1268,PIC DE BURE,44.62722,5.93527,
47°14'30",10°47'47",2370,1263,TSCHIRGANT,47.24166,10.79638,
46°06'25",06°27'24",1863,1251,LE MÔLE,46.10694,6.45666,
46°13'08",12°02'10",2240,1248,PIZ DI MEZZODI,46.21888,12.03611,
46°45'59",12°48'43",2770,1245,GROSSE SANDSPITZE,46.76638,12.81194,
47°10'26",10°28'42",3036,1243,PARSEIERSPITZE,47.17388,10.47833,
46°06'05",07°42'57",4506,1235,WEISSHORN,46.10138,7.71583,
45°48'08",10°38'28",1976,1234,MONTE CAPLONE / CIMA DELLE GUARDIE,45.80222,10.64111,
46°36'12",13°40'16",2166,1233,DOBRATSCH,46.60333,13.67111,
47°25'58",10°52'49",2340,1233,DANIEL,47.43277,10.88027,
47°04'24",14°48'29",2187,1232,AMERINGKOGEL,47.07333,14.80805,
46°07'25",08°38'53",2188,1231,GRIDONE / MONTE LIMIDARIO,46.12361,8.64805,
47°03'11",11°39'32",3476,1230,OLPERER,47.05305,11.65888,
46°25'00",10°17'06",3439,1212,CIMA DE PIAZZI,46.41666,10.28500,
46°20'38",13°06'25",1505,1205,MONTE SAN SIMEONE,46.34388,13.10694,
47°06'33",12°20'47",3666,1199,GROSSVENEDIGER,47.10916,12.34638,
46°25'12",12°08'04",3168,1191,MONTE PELMO,46.42000,12.13444,
46°07'40",08°00'44",4023,1191,WEISSMIES,46.12777,8.01222,
47°21'11",10°59'19",2768,1189,HOCHPLATTIG,47.35305,10.98861,
45°43'28",11°07'51",2259,1185,CIMA CAREGA,45.72444,11.13083,
47°31'36",10°55'06",2185,1182,KREUZSPITZE,47.52666,10.91833,
47°40'55",12°41'47",1961,1181,SONNTAGSHORN,47.68194,12.69638,
45°17'21",06°45'23",3697,1180,LA DENT PARRACHÉE,45.28916,6.75638,
47°46'35",13°26'04",1782,1178,SCHAFBERG,47.77638,13.43444,
46°09'49",11°55'31",2547,1178,SASS DE MURA,46.16361,11.92527,
45°08'16",06°08'09",3465,1175,PIC BAYLE,45.13777,6.13583,
47°22'29",14°38'11",2417,1172,GEIERHAUPT,47.37472,14.63638,
46°29'49",09°17'00",3279,1166,PIZZO TAMBO / TAMBOHORN,46.49694,9.28333,
44°52'12",05°31'36",2341,1165,LE GRAND VEYMONT,44.87000,5.52666,
47°32'42",11°11'36",2086,1156,KROTTENKOPF,47.54500,11.19333,
45°43'47",06°21'06",2062,1155,DENT DE CONS,45.72972,6.35166,
47°42'27",12°20'06",1813,1148,GEIGELSTEIN,47.70750,12.33500,
44°10'26",05°16'42",1909,1148,MONT VENTOUX,44.17388,5.27833,
46°54'39",12°08'23",3436,1148,HOCHGALL / COLLALTO ,46.91083,12.13972,
46°36'25",12°52'59",2780,1144,COGLIANS / HOHE WARTE,46.60694,12.88305,
46°14'58",08°06'36",3553,1144,MONTE LEONE,46.24944,8.11000,
47°32'46",11°47'21",2194,1143,GUFFERTSPITZE,47.54611,11.78916,
46°38'05",12°08'37",3146,1133,HOHE GAISL / CRODA ROSSA,46.63472,12.14361,
45°52'58",08°27'13",1491,1130,MONTE MOTTARONE,45.88277,8.45361,
46°21'47",12°54'19",1914,1127,MONTE VERZEGNIS,46.36305,12.90527,
45°31'41",06°51'37",3779,1127,MONT POURRI,45.52805,6.86027,
47°15'58",13°45'40",2862,1124,HOCHGOLLING,47.26611,13.76111,
46°31'30",11°44'07",3181,1124,LANGKOFEL / SASSO LUNGO,46.52500,11.73527,
47°35'34",12°47'45",2286,1121,STADELHORN,47.59277,12.79583,
46°31'43",07°08'54",2389,1120,VANIL NOIR,46.52861,7.14833,
46°16'09",09°44'58",3678,1116,MONTE DISGRAZIA,46.26916,9.74944,
46°26'58",13°15'31",2195,1112,ZUC DAL BÔR / ZUC DEL BOR,46.44944,13.25861,
46°29'14",09°33'42",3392,1108,PIZ PLATTA,46.48722,9.56166,
46°03'15",07°06'39",2598,1100,LE CATOGNE,46.05416,7.11083,
46°08'36",11°02'15",2124,1099,LA PAGANELLA,46.14333,11.03750,
46°22'52",11°34'31",2842,1097,LATEMAR (DIAMANTIDITURM),46.38111,11.57527,
45°38'39",06°07'11",2045,1095,MONT COLOMBIER,45.64416,6.11972,
47°43'43",14°46'40",1774,1094,HOCHKOGEL,47.72861,14.77777,
47°20'15",12°29'44",2363,1089,GEISSSTEIN,47.33750,12.49555,
47°29'56",10°37'49",2238,1088,KÖLLENSPITZE,47.49888,10.63027,
46°30'25",12°12'42",3205,1085,PUNTA SORAPISS,46.50694,12.21166,
46°32'11",09°41'45",3397,1085,PIZ CALDERAS,46.53638,9.69583,
47°36'08",13°41'56",1975,1084,HOHER SARSTEIN,47.60222,13.69888,
46°11'23",06°36'43",2244,1081,ROC D'ENFER,46.18972,6.61194,
46°22'59",10°11'46",3374,1081,CIMA VIOLA,46.38305,10.19611,
47°41'08",15°04'30",1919,1072,HOCHSTADL,47.68555,15.07500,
46°30'21",14°29'16",2139,1071,HOCHOBIR,46.50583,14.48777,
47°37'23",13°28'52",2027,1070,GAMSFELD,47.62305,13.48111,
45°47'32",11°10'35",2232,1070,MONTE PASÚBIO (CIMA PALON),45.79222,11.17638,
45°09'36",06°46'07",3506,1069,AIGUILLE DE SCOLETTE ,45.16000,6.76861,
46°26'22",13°39'17",2677,1065,MÀNGART / VELIKI MANGRT,46.43944,13.65472,
45°55'38",06°21'04",2023,1064,MONT LACHAT,45.92722,6.35111,
46°19'57",06°47'05",2432,1063,CORNETTES DE BISE,46.33250,6.78472,
47°45'21",12°48'54",1782,1060,HINTERSTAUFEN (ZWIESEL),47.75583,12.81500,
46°01'55",11°11'15",1738,1055,LA MARZOLA,46.03194,11.18750,
45°10'09",05°59'22",2978,1054,GRAND PIC DE BELLEDONNE,45.16916,5.98944,
46°42'21",10°24'10",3204,1054,PIZ SESVENNA,46.70583,10.40277,
47°15'05",11°58'58",2558,1051,KREUZJOCH,47.25138,11.98277,
45°50'51",09°55'25",1636,1050,PIZZO FORMICO,45.84750,9.92361,
46°05'38",07°51'32",4545,1046,DOM,46.09388,7.85888,
46°39'18",13°24'38",2119,1045,SPITZEGEL,46.65500,13.41055,
47°37'06",15°08'32",2277,1045,HOCHSCHWAB,47.61833,15.14222,
46°46'36",13°49'47",2145,1042,WÖLLANER NOCK,46.77666,13.82972,
45°57'19",10°50'00",1803,1040,MONTE MISONE,45.95527,10.83333,
44°30'32",05°57'43",2016,1040,MONTAGNE DE CÉÜSE,44.50888,5.96194,
46°57'52",11°09'14",3507,1033,ZUCKERHÜTL,46.96444,11.15388,
45°45'29",09°57'49",1378,1031,MONTE TORREZZO,45.75805,9.96361,
45°58'35",07°39'31",4478,1031,MATTERHORN / MONTE CERVINO,45.97638,7.65861,
45°38'35",06°41'20",2995,1028,LE ROIGNAIS,45.64305,6.68888,
46°47'56",10°04'18",3411,1028,PIZ LINARD,46.79888,10.07166,
46°45'21",09°30'44",2574,1027,STÄTZERHORN,46.75583,9.51222,
44°58'39",05°51'21",2389,1022,LE TABOR,44.97750,5.85583,
46°26'01",14°10'29",2237,1021,HOCHSTUHL / STOL,46.43361,14.17472,
46°25'30",07°41'37",3699,1021,BALMHORN,46.42500,7.69361,
44°49'21",06°47'16",3320,1019,PIC DE ROCHEBRUNE,44.82250,6.78777,
47°22'32",10°39'04",2376,1017,KNITTELKARSPITZE,47.37555,10.65111,
46°30'46",12°33'57",2548,1017,MONTE BRENTONI,46.51277,12.56583,
46°27'54",07°59'38",4195,1017,ALETSCHHORN,46.46500,7.99388,
47°37'14",12°26'12",1773,1013,UNTERBERGHORN,47.62055,12.43666,
46°14'14",07°07'34",3051,1013,GRAND MUVERAN ,46.23722,7.12611,
46°29'27",12°56'14",1970,1011,MONTE TAMAI,46.49083,12.93722,
47°27'54",12°12'15",1828,1010,HOHE SALVE,47.46500,12.20416,
47°38'48",12°02'18",1852,1007,GROSSE TRAITEN,47.64666,12.03833,
46°22'56",07°08'51",2548,1002,LE TARENT,46.38222,7.14750,
47°46'58",14°19'25",1963,999,HOHER NOCK,47.78277,14.32361,
45°51'00",06°26'52",2483,997,L'ETALE,45.85000,6.44777,
45°16'49",07°03'18",3752,997,POINTE DE CHARBONNEL,45.28027,7.05500,
47°18'42",10°21'21",2656,996,GROSSER KROTTENKOPF,47.31166,10.35583,
47°23'51",11°13'22",2196,993,GROSSE ARNSPITZE,47.39750,11.22277,
47°41'22",15°41'16",2007,992,HEUKUPPE,47.68944,15.68777,
47°25'35",10°43'29",2341,992,THANELLER,47.42638,10.72472,
46°25'58",13°49'16",2740,982,SKRLATICA,46.43277,13.82111,
46°58'20",11°43'40",3509,981,HOCHFEILER / GRAN PILASTRO,46.97222,11.72777,
47°09'54",10°07'35",2753,980,UNTERE WILDGRUBENSPITZE,47.16500,10.12638,
45°14'39",06°52'23",3162,979,SIGNAL DU PETIT MONT CENIS / POINTE CLAIRY,45.24416,6.87305,
46°46'19",08°26'16",3238,979,TITLIS,46.77194,8.43777,
46°29'19",14°24'35",1923,975,SETITSCHE / FREIBERG,46.48861,14.40972,
46°37'38",12°58'56",2332,975,POLINIK,46.62722,12.98222,
47°08'54",10°39'42",2512,975,GLANDERSPITZE,47.14833,10.66166,
47°04'46",10°07'58",2912,975,PFLUNSPITZE,47.07944,10.13277,
47°45'16",13°34'11",1745,973,LEONSBERG,47.75444,13.56972,
44°07'25",05°48'11",1826,973,SIGNAL DE LURE,44.12361,5.80305,
46°47'15",14°58'18",2140,971,GROSSER SPEIKKOGEL,46.78750,14.97166,
47°33'08",10°50'33",2082,967,HOCHPLATTE,47.55222,10.84250,
46°59'42",08°59'43",2914,966,BÄCHISTOCK / GLÄRNISCH,46.99500,8.99527,
46°41'10",08°04'32",2928,966,SCHWARZHORN,46.68611,8.07555,
46°21'21",07°21'44",3248,966,WILDHORN,46.35583,7.36222,
46°13'48",12°10'56",2565,964,MONTE SCHIARA,46.23000,12.18222,
47°45'04",12°31'02",1744,963,HOCHGERN,47.75111,12.51722,
46°00'07",09°11'07",1700,962,MONTE DI TREMEZZO,46.00194,9.18527,
46°18'14",07°11'20",3210,959,SOMMET DES DIABLERETS,46.30388,7.18888,
46°24'41",08°28'07",3272,959,BASÒDINO,46.41138,8.46861,
44°04'06",06°31'48",2114,955,MONTAGNE DE CORDOEIL,44.06833,6.53000,
45°55'21",08°41'22",1235,953,MONTE NUDO,45.92250,8.68944,
47°33'18",12°55'23",2713,953,WATZMANN,47.55500,12.92305,
46°37'06",08°54'40",3211,952,PIZ MEDEL,46.61833,8.91111,
46°30'28",13°04'55",1959,949,MONTE TERSÁDIA,46.50777,13.08194,
47°35'55",11°56'59",1986,949,HINTERES SONNWENDJOCH,47.59861,11.94972,
44°14'50",06°18'44",2189,949,BLAYEUL SOMMET,44.24722,6.31222,
46°29'18",09°57'23",3262,947,PIZ LANGUARD,46.48833,9.95638,
46°29'12",15°14'03",1544,946,CRNI VRH (1),46.48666,15.23416,
47°39'11",11°27'57",1800,944,BENEDIKTENWAND,47.65305,11.46583,
45°57'50",11°11'35",2150,943,BECCO DI FILADONNA,45.96388,11.19305,
46°25'33",08°18'28",3374,943,BLINNENHORN / CORNO CIECO,46.42583,8.30777,
43°50'32",06°21'07",1930,942,MOURRE DE CHANIER,43.84222,6.35194,
47°00'54",13°19'16",3360,942,HOCHALMSPITZE,47.01500,13.32111,
46°28'30",13°08'15",2187,941,MONTE SÈRNIO,46.47500,13.13750,
46°10'36",11°36'19",2847,939,CIMA D'ASTA,46.17666,11.60527,
45°14'30",06°06'26",2928,939,LE ROCHER BLANC,45.24166,6.10722,
44°26'59",06°39'37",3048,939,GRANDE BERARD,44.44972,6.66027,
46°30'32",11°49'41",3152,939,PIZ BOÈ,46.50888,11.82805,
46°20'11",12°16'07",2468,938,MONTE ROCCHETTA,46.33638,12.26861,
46°24'02",13°04'49",1905,937,MONTE AMARIANA,46.40055,13.08027,
46°36'43",08°47'12",3040,932,PIZ GANNARETSCH,46.61194,8.78666,
46°44'40",10°16'46",3173,922,PIZ PISOC,46.74444,10.27944,
44°58'53",05°55'59",2792,920,GRAND ARMET,44.98138,5.93305,
46°52'19",12°21'29",2962,919,WEISSE SPITZE,46.87194,12.35805,
46°34'33",11°58'40",3064,913,PIZ DLES CUNTURINES,46.57583,11.97777,
46°36'44",11°46'24",3030,909,LA FURCHETTA,46.61222,11.77333,
47°21'15",10°46'18",2471,907,LOREAKOPF,47.35416,10.77166,
47°08'33",13°59'33",2140,906,GSTODER,47.14250,13.99250,
45°42'57",07°49'12",3075,906,MONTE NERY / BECCA FRUDIÈRA,45.71583,7.82000,
46°02'03",07°36'43",4357,906,DENT BLANCHE,46.03416,7.61194,
44°42'52",05°58'01",2568,904,TÊTE DU COLLIER,44.71444,5.96694,
47°30'37",12°09'05",1595,891,MITTAGSKOGEL,47.51027,12.15138,
47°36'45",11°16'52",1791,889,HEIMGARTEN,47.61250,11.28111,
45°22'16",05°48'47",2026,887,GRAND SOM,45.37111,5.81305,
46°22'20",07°00'07",2331,886,TOUR D'AI,46.37222,7.00194,
47°30'56",11°56'57",1786,883,KIENBERG,47.51555,11.94916,
47°09'05",14°11'24",1817,883,STOLZALPE,47.15138,14.19000,
46°30'00",14°46'50",2126,882,KORDESCHKOGEL / KORDEZEVA GLAVA,46.50000,14.78055,
46°41'42",13°54'51",1909,881,GERLITZEN,46.69500,13.91416,
46°40'21",12°11'07",2839,880,DÜRRENSTEIN / PICCO DI VALLANDRO,46.67250,12.18527,
45°52'08",08°45'38",1226,879,MONTE CAMPO DEI FIORI,45.86888,8.76055,
45°39'42",05°49'21",1504,878,MONT DU CHAT,45.66166,5.82250,
47°11'11",09°59'06",2704,877,ROTE WAND,47.18638,9.98500,
45°51'45",09°19'23",1373,875,CORNI DI CANZO,45.86250,9.32305,
46°25'34",10°07'02",3302,875,PIZ PARADISIN / PIZZO PARADISINO,46.42611,10.11722,
44°29'45",06°13'09",1733,874,MONT COLOMBIS,44.49583,6.21916,
47°36'13",12°34'47",1869,873,STEINPLATTE,47.60361,12.57972,
47°22'56",13°16'31",1827,872,HOCHGRÜNDECK,47.38222,13.27527,
46°21'33",13°11'45",1958,872,MONTE PLAURIS,46.35916,13.19583,
47°48'06",13°59'56",1747,870,KASBERG,47.80166,13.99888,
45°56'48",12°00'46",1570,869,MONTE CESÉN,45.94666,12.01277,
46°29'20",07°46'21",3663,869,BLÜEMLISALPHORN,46.48888,7.77250,
46°03'03",09°21'27",1799,867,MONTE CROCE DI MUGGIO,46.05083,9.35750,
47°14'45",11°03'34",2884,867,RIETZER GRIESKOGEL,47.24583,11.05944,
46°16'43",09°58'25",3323,861,PIZZO SCALINO,46.27861,9.97361,
45°03'50",07°06'26",2890,859,MONTE ORSIERA,45.06388,7.10722,
46°32'33",12°44'09",2462,857,MONTE CRETA FORATA,46.54250,12.73583,
46°34'43",10°12'06",3140,855,MONTE CASSA DEL FERRO,46.57861,10.20166,
46°26'45",09°43'22",3165,855,PIZ LAGREV,46.44583,9.72277,
46°32'59",07°13'36",2252,853,DENT DE SAVIGNY,46.54972,7.22666,
47°42'39",12°14'51",1596,851,SPITZSTEIN,47.71083,12.24750,
46°40'45",10°17'46",3168,851,PIZ TAVRÜ,46.67916,10.29611,
46°20'38",12°50'06",1908,848,MONTE VALCALDA,46.34388,12.83500,
45°37'51",07°00'52",3486,847,TESTA DEL RUTOR,45.63083,7.01444,
47°17'05",10°07'45",2533,845,GROSSER WIDDERSTEIN,47.28472,10.12916,
46°18'39",12°07'19",2547,843,MONTE TAMER,46.31083,12.12194,
45°52'09",06°59'18",4208,843,GRANDES JORASSES (POINTE WALKER),45.86916,6.98833,
47°41'11",12°53'36",1738,842,KARKOPF,47.68638,12.89333,
46°53'54",09°20'35",3247,840,RINGELSPITZ,46.89833,9.34305,
45°27'33",06°22'00",2829,836,GRAND PIC DE LA LAUZIERE,45.45916,6.36666,
45°48'49",07°03'41",3326,836,GRANDE ROCHÈRE,45.81361,7.06138,
46°23'51",10°26'13",3296,835,MONTE SOBRETTA,46.39750,10.43694,
45°10'50",06°55'48",3312,835,MONT GIUSALET,45.18055,6.93000,
44°54'29",05°43'15",1769,833,LE SÉNÉPY,44.90805,5.72083,
47°28'54",11°21'27",2257,833,SOIERNSPITZE,47.48166,11.35750,
46°20'37",09°04'16",2950,833,TORRON ALT / TORRENTE ALTO,46.34361,9.07111,
47°26'53",14°53'59",2214,832,GÖSSECK,47.44805,14.89972,
46°10'37",13°58'29",1630,827,POREZEN,46.17694,13.97472,
47°23'58",09°58'49",1877,827,WINTERSTAUDE,47.39944,9.98027,
47°20'17",12°54'41",2117,827,HUNDSTEIN,47.33805,12.91138,
45°59'58",06°27'35",2438,825,PIC DE JALOUVRE (POINTE BLANCHE),45.99944,6.45972,
47°03'13",09°42'27",2964,825,SCHESAPLANA,47.05361,9.70750,
46°29'53",07°29'16",2763,823,ALBRISTHORN,46.49805,7.48777,
45°00'17",06°18'31",3982,823,LA MEIJE,45.00472,6.30861,
46°16'43",13°27'19",1673,822,STOL,46.27861,13.45527,
45°58'45",07°24'01",3875,822,LA RUINETTE,45.97916,7.40027,
47°51'43",15°12'09",1893,821,ÖTSCHER,47.86194,15.20250,
43°53'46",06°38'22",1941,821,SOMMET DE LA BERNARDE,43.89611,6.63944,
47°30'53",12°32'06",1682,819,WALLERBERG,47.51472,12.53500,
46°28'01",09°24'34",3209,819,PIZ TIMUN / PIZZO D'EMET,46.46694,9.40944,
45°19'49",06°53'31",3582,818,GRAND ROC NOIR,45.33027,6.89194,
47°04'12",13°24'03",3076,817,GROSSER HAFNER,47.07000,13.40083,
47°35'06",11°06'05",1686,815,LABERBERG,47.58500,11.10138,
45°00'44",06°24'40",3155,815,PIC OUEST DE COMBEYNOT,45.01222,6.41111,
47°20'39",11°31'12",2726,814,GROSSER BETTELWURF,47.34416,11.52000,
46°28'28",11°38'37",3002,814,KESSELKOGEL / CATINACCIO DI ANTERMOIA,46.47444,11.64361,
46°24'01",07°31'43",3243,814,WILDSTRUBEL,46.40027,7.52861,
47°32'57",14°32'39",2251,812,ADMONTER REICHENSTEIN,47.54916,14.54416,
47°42'21",12°34'46",1691,811,GURNWANDKOPF,47.70583,12.57944,
47°47'12",15°03'20",1878,809,DÜRRENSTEIN,47.78666,15.05555,
45°29'33",06°46'57",3417,808,SOMMET DE BELLECOTE,45.49250,6.78250,
47°39'23",13°42'52",1717,806,SANDLING,47.65638,13.71444,
46°23'30",07°51'03",3934,806,BIETSCHHORN,46.39166,7.85083,
44°08'16",07°56'24",1739,805,MONTE ARMETTA,44.13777,7.94000,
46°46'24",10°54'53",3624,805,HINTERE SCHWÄRZE / CIME NERE,46.77333,10.91472,
46°24'35",14°44'18",2062,803,RADUHA,46.40972,14.73833,
45°47'50",06°06'17",1699,802,CRÊT DE CHÂTILLON,45.79722,6.10472,
47°32'20",14°48'55",2105,800,HOCHKOGEL,47.53888,14.81527,
46°57'07",13°55'44",2441,800,EISENHUT,46.95194,13.92888,
46°16'27",12°25'01",1792,799,MONTE CORNETTO,46.27416,12.41694,
46°56'53",12°48'17",3283,799,PETZECK,46.94805,12.80472,
47°34'27",15°47'24",1782,798,STUHLECK,47.57416,15.79000,
47°28'04",10°45'45",1841,797,TAUERNBERG,47.46777,10.76250,
46°34'18",08°49'48",3190,792,SCOPI,46.57166,8.83000,
45°30'18",07°00'00",3747,792,AIGUILLE DE LA GRANDE SASSIERE ,45.50500,7.00000,
46°03'19",07°26'01",3646,791,AIGUILLES ROUGE D'AROLLA,46.05527,7.43361,
46°20'55",12°57'28",1744,790,MONTE PIOMBADA,46.34861,12.95777,
47°05'04",08°34'39",1580,789,WILDSPITZ,47.08444,8.57750,
47°35'39",13°04'04",2522,789,HOHER GÖLL,47.59416,13.06777,
47°02'05",14°03'27",2171,787,GOLDACHNOCK,47.03472,14.05750,
46°35'24",08°07'05",4078,785,GROSSES SCHRECKHORN,46.59000,8.11805,
46°01'53",10°55'39",1632,783,MONTE CASALE,46.03138,10.92750,
45°51'44",09°46'55",2019,781,MONTE ALBEN,45.86222,9.78194,
44°10'26",07°41'04",2651,780,PUNTA MARGUAREIS,44.17388,7.68444,
46°39'46",10°23'33",3075,779,PIZ STARLEX,46.66277,10.39250,
47°30'25",11°02'51",1985,776,KRAMERSPITZ,47.50694,11.04750,
46°50'03",07°57'27",2092,776,HENGST,46.83416,7.95750,
46°56'15",10°06'45",2813,775,VALLÜLA,46.93750,10.11250,
44°32'52",06°51'24",3412,771,AIGUILLE DE CHAMBEYRON,44.54777,6.85666,
46°02'44",11°34'54",1679,769,MONTE MEZZA,46.04555,11.58166,
44°15'47",06°11'41",2115,769,LES MONGES,44.26305,6.19472,
44°15'55",06°42'22",3050,769,MONT PELAT,44.26527,6.70611,
46°15'45",06°46'51",2432,768,MONT DE GRANGE,46.26250,6.78083,
46°26'46",14°24'38",2136,767,KOSCHUTNIKTURM / KOSUTNIKOV TURN ,46.44611,14.41055,
45°16'53",06°37'28",3561,765,AIGUILLE DE PECLET,45.28138,6.62444,
44°53'06",06°21'23",3954,762,L'AILEFROIDE,44.88500,6.35638,
47°37'59",11°40'47",1701,761,BUCHSTEIN,47.63305,11.67972,
46°42'27",08°29'51",3417,761,FLECKISTOCK / ROT STOCK,46.70750,8.49750,
44°38'13",05°12'05",1589,760,LE VEYOU,44.63694,5.20138,
45°54'50",08°56'49",1097,758,MONTE SAN GIORGIO,45.91388,8.94694,
47°38'13",11°48'15",1826,755,RISSERKOGEL,47.63694,11.80416,
47°41'49",12°49'28",1373,754,RABENSTEINHORN,47.69694,12.82444,
46°25'47",08°43'34",3072,754,PIZZO CAMPO TENCIA,46.42972,8.72611,
46°21'38",11°11'31",2116,753,MONTE ROËN / RHÖNBERG,46.36055,11.19194,
43°20'18",05°48'10",1148,751,SIGNAL DE LA SAINTE BAUME,43.33833,5.80277,
46°44'14",11°16'36",2781,751,HIRZER / PUNTA CERVINA,46.73722,11.27666,
46°26'35",13°57'23",1593,749,JEREBIKOVEC,46.44305,13.95638,
46°42'07",08°41'33",3096,749,PIZ GIUV / SCHATTIG WICHEL,46.70194,8.69250,
46°31'03",08°27'58",3192,749,PIZZO ROTONDO,46.51750,8.46611,
46°13'18",13°28'42",1237,746,MONTE MIA,46.22166,13.47833,
44°59'31",05°43'28",1710,746,LA PEYROUSE,44.99194,5.72444,
47°02'56",08°56'34",2294,744,MUTTERISTOCK,47.04888,8.94277,
47°18'52",10°44'04",2638,744,HEITERWAND (HAUPTGIPFEL),47.31444,10.73444,
47°45'15",14°44'37",1769,743,STUMPFMAUER,47.75416,14.74361,
47°47'16",13°49'30",1598,741,EIBENBERG,47.78777,13.82500,
47°39'01",11°56'06",1884,741,ROTWAND,47.65027,11.93500,
47°09'42",14°18'59",1797,737,PLESCHAITZ,47.16166,14.31638,
46°34'14",13°13'01",2280,736,TROGKOFEL / CRETA DI AIP,46.57055,13.21694,
46°15'39",11°41'02",2754,736,CIMA DI CECE,46.26083,11.68388,
45°45'11",06°53'52",3252,736,MONTE BERRIO BLANC / MONT BÉRIO BLANC,45.75305,6.89777,
47°26'42",11°25'19",2538,735,ÖSTLICHE KARWENDELSPITZE,47.44500,11.42194,
45°40'44",07°23'05",3559,735,MONTE EMILIUS,45.67888,7.38472,
46°18'06",13°05'12",1049,734,MONTE PALANTARINS,46.30166,13.08666,
46°37'07",10°17'27",2968,734,PIZ DAINT,46.61861,10.29083,
47°42'13",12°00'46",1837,733,WENDELSTEIN,47.70361,12.01277,
46°30'34",09°23'03",3028,733,PIZ POR,46.50944,9.38416,
47°44'14",14°13'02",1516,729,TAMBERG,47.73722,14.21722,
47°38'56",15°24'22",1981,728,HOCHVEITSCH,47.64888,15.40611,
45°51'30",09°28'08",1875,727,RESEGONE DI LECCO,45.85833,9.46888,
46°38'13",07°18'57",2235,726,SCHAFBERG,46.63694,7.31583,
47°25'56",12°37'58",2044,725,SPIELBERGHORN,47.43222,12.63277,
45°57'24",10°03'19",2521,725,PIZZO DELLA PRESOLANA,45.95666,10.05527,
46°37'46",12°43'10",2694,725,MONTE PERALBA / HOCHWEISSSTEIN,46.62944,12.71944,
46°07'37",06°55'29",3219,725,TOUR SALLIERE,46.12694,6.92472,
46°23'03",09°10'29",2805,724,CIMA DE GAGELA,46.38416,9.17472,
44°36'18",06°48'01",3385,724,PIC NORD DE LA FONT SANCTE,44.60500,6.80027,
43°45'25",06°16'47",1577,722,LE GRAND MARGÈS,43.75694,6.27972,
47°19'23",10°38'30",2553,722,NAMLOSER WETTERSPITZE,47.32305,10.64166,
46°48'03",10°24'48",3031,722,PIZ S-CHALAMBERT DADAINT,46.80083,10.41333,
46°00'39",10°16'48",2549,721,CIMA DELLA BACCHETTA,46.01083,10.28000,
44°17'11",06°30'19",2961,721,GROSSE BARRE / TÊTE DE L'ESTROP,44.28638,6.50527,
46°17'13",11°19'08",1817,720,MONTE CORNO / HORNSPITZE,46.28694,11.31888,
45°23'35",06°02'13",1230,718,BRAME FARINE,45.39305,6.03694,
46°08'08",11°44'57",1705,718,MONTE TOTOGA,46.13555,11.74916,
47°31'20",10°30'49",1866,718,EINSTEIN,47.52222,10.51361,
47°01'38",14°20'00",1892,717,GREBENZEN,47.02722,14.33333,
47°04'25",12°35'21",3232,717,GROSSER MUNTANITZ,47.07361,12.58916,
47°29'43",10°04'44",1834,714,HOCHGRAT,47.49527,10.07888,
46°21'15",11°45'08",2745,714,CIMA BOCCHE,46.35416,11.75222,
45°35'45",07°15'27",3969,714,LA GRIVOLA,45.59583,7.25750,
46°41'25",11°45'46",2576,713,GROSSER GABLER / MONTE FORCA,46.69027,11.76277,
46°37'09",12°21'35",3094,713,ZWÖLFERKOFEL / CRODA DEI TONI,46.61916,12.35972,
47°36'22",13°14'16",1584,712,SCHWARZER BERG,47.60611,13.23777,
45°07'07",06°33'44",3207,711,PIC DU THABOR,45.11861,6.56222,
46°38'55",13°36'06",1820,710,KABESNOCK,46.64861,13.60166,
45°38'15",06°02'13",1845,710,MONT MARGÉRIAZ,45.63750,6.03694,
46°44'19",12°40'41",2590,710,EGGENKOFEL,46.73861,12.67805,
47°50'53",14°50'43",1405,709,OISBERG,47.84805,14.84527,
47°00'15",08°50'01",2282,709,DRUESBERG,47.00416,8.83361,
46°44'34",08°46'10",3328,709,OBERALPSTOCK / PIZ TGIETSCHEN,46.74277,8.76944,
47°24'56",13°28'46",1770,708,ROSSBRAND,47.41555,13.47944,
47°14'53",10°09'04",2416,706,KARHORN,47.24805,10.15111,
47°43'59",12°41'50",1671,705,HINTERER RAUSCHBERG,47.73305,12.69722,
46°30'24",13°57'10",2143,705,KEPA / MITTAGSKOGEL,46.50666,13.95277,
44°26'30",06°47'20",3032,705,TÊTE DE SIGURET,44.44166,6.78888,
45°51'43",09°36'50",1588,704,MONTE SORNADELLO,45.86194,9.61388,
47°20'13",10°51'44",2493,704,WANNIG,47.33694,10.86222,
45°11'12",05°35'30",1709,703,CHARANDE,45.18666,5.59166,
46°19'27",08°13'23",3211,703,SCHERBADUNG / PIZZO CERVANDONE ,46.32416,8.22305,
44°09'07",06°41'55",2747,702,SOMMET DE LA FREMA,44.15194,6.69861,
46°54'02",10°22'43",3294,701,MUTTLER,46.90055,10.37861,
46°17'41",13°10'55",1709,700,MONTE CHIAMPÒN,46.29472,13.18194,
47°23'46",11°03'21",2744,699,HOCHWANNER,47.39611,11.05583,
46°26'29",12°38'31",2474,696,MONTE BÍVERA / VESPERKOFEL,46.44138,12.64194,
46°20'04",11°55'41",2503,696,CIMA DI PAPE / CIMA DI SANSON,46.33444,11.92805,
47°54'43",14°29'02",1206,695,SCHIEFERSTEIN,47.91194,14.48388,
47°32'06",10°45'21",2047,695,SÄULING,47.53500,10.75583,
46°28'36",13°27'12",2087,695,JÔF DI MIEZEGNÒT,46.47666,13.45333,
44°40'52",07°20'21",1307,694,CIMA BRACCO,44.68111,7.33916,
47°45'07",14°34'01",1540,694,BODENWIES,47.75194,14.56694,
47°52'24",13°50'25",1691,694,TRAUNSTEIN,47.87333,13.84027,
45°53'36",05°52'01",1057,693,MONTAGNE DE GROS FOUG,45.89333,5.86694,
47°42'12",15°35'35",1903,693,WINDBERG,47.70333,15.59305,
45°34'00",06°21'53",2484,693,LE GRAND ARC,45.56666,6.36472,
44°29'17",05°15'30",1606,692,MONTAGNE DE ANGÈLE,44.48805,5.25833,
44°26'20",05°50'54",1834,692,MONTAGNE D'AUJOUR,44.43888,5.84833,
45°58'12",07°36'19",4171,692,DENT D'HÉRENS,45.97000,7.60527,
45°56'05",09°48'57",2512,691,PIZZO ARERA,45.93472,9.81583,
46°53'17",08°47'30",2764,691,SCHÄCHENTALER WINDGÄLLEN,46.88805,8.79166,
45°18'30",05°51'25",2062,690,DENT DE CROLLES,45.30833,5.85694,
46°34'13",10°17'15",3180,689,PIZ MURTARÖL / CIMA LA CASINA,46.57027,10.28750,
45°56'05",06°58'13",4122,689,AIGUILLE VERTE,45.93472,6.97027,
47°15'35",14°07'40",2475,687,RETTLKIRCHSPITZE,47.25972,14.12777,
45°41'34",06°11'47",2181,686,MONT TRELOD,45.69277,6.19638,
46°16'28",12°59'48",1478,685,MONTE CUAR,46.27444,12.99666,
44°37'12",06°56'59",3340,685,BRIC DE RUBREN / MONGIOIA,44.62000,6.94972,
47°00'01",08°23'54",1128,684,HAMMETSCHWAND,47.00027,8.39833,
47°37'22",14°20'49",1992,684,BOSRUCK,47.62277,14.34694,
47°08'22",12°06'39",3303,683,REICHENSPITZE,47.13944,12.11083,
46°32'12",07°57'45",4158,683,JUNGFRAU,46.53666,7.96250,
45°06'05",06°37'39",3222,682,ROCHE BERNAUDE,45.10138,6.62750,
47°10'00",09°33'39",2123,681,KUHGRAT,47.16666,9.56083,
45°00'26",06°05'46",2339,681,PIED MOUTET,45.00722,6.09611,
47°19'58",12°17'49",2366,680,GROSSER RETTENSTEIN,47.33277,12.29694,
47°16'49",10°16'34",2651,680,HOHES LICHT,47.28027,10.27611,
45°37'55",06°13'50",2197,679,LE PÉCLOZ,45.63194,6.23055,
45°04'20",07°00'48",2849,679,CIMA CIANTIPLAGNA,45.07222,7.01333,
44°44'10",06°11'26",3163,678,VIEUX CHAILLOL,44.73611,6.19055,
47°04'34",12°56'14",3254,678,HOCHARN,47.07611,12.93722,
46°30'26",12°20'26",2932,677,CIMON DEL FROPPA,46.50722,12.34055,
46°41'19",12°16'39",2966,677,HAUNOLD / ROCCA DEI BARANCI,46.68861,12.27750,
46°35'56",12°39'29",2473,675,MONTE RINALDO,46.59888,12.65805,
43°53'50",07°09'04",1549,673,MONT VIAL,43.89722,7.15111,
46°50'52",08°33'00",2952,673,BRUNNISTOCK,46.84777,8.55000,
44°51'51",06°55'54",3302,673,BRIC FROID,44.86416,6.93166,
45°14'07",05°42'45",1298,672,LE NERON,45.23527,5.71250,
43°50'32",07°30'38",1379,672,MONT GRAMMONT / MONTE GRAMMONDO,43.84222,7.51055,
47°30'03",14°16'19",1724,672,BLOSEN,47.50083,14.27194,
47°10'26",10°04'33",2679,670,SPULLERSCHAFBERG,47.17388,10.07583,
45°53'51",06°11'15",1299,669,MONT BARON,45.89750,6.18750,
47°19'08",11°46'15",2344,669,KREUZJOCH,47.31888,11.77083,
44°07'23",07°23'05",3143,669,CIME DU GÉLAS / CIMA DIE GELAS,44.12305,7.38472,
47°45'37",13°09'25",1334,668,SCHWARZENBERG,47.76027,13.15694,
44°23'00",05°41'06",1545,668,ROCHER DE BEAUMONT,44.38333,5.68500,
46°29'08",14°57'54",1697,668,URSLJA GORA,46.48555,14.96500,
46°21'00",14°24'19",2132,667,STORZIC,46.35000,14.40527,
47°47'47",14°51'57",1452,666,SCHWARZKOGEL,47.79638,14.86583,
46°22'47",09°16'49",3025,666,PIZ CORBET,46.37972,9.28027,
46°29'11",14°18'53",1840,665,FERLACHER HORN / GERLOUTZ,46.48638,14.31472,
46°34'17",13°18'15",2195,665,GARTNERKOFEL,46.57138,13.30416,
46°19'29",10°26'15",3283,665,PUNTA DI PIETRA ROSSA,46.32472,10.43750,
46°32'13",12°03'04",3225,664,TOFANA DI ROZES,46.53694,12.05111,
46°09'21",10°29'46",3539,664,ADAMELLO,46.15583,10.49611,
45°19'43",07°08'43",3676,664,GRAN CIAMARELLA,45.32861,7.14527,
47°34'10",12°52'00",2607,663,HOCHKALTER,47.56944,12.86666,
46°34'39",12°17'17",2839,663,CIMA CADIN DI SAN LUCANO,46.57750,12.28805,
47°26'51",11°21'02",2482,662,HOCHKARSPITZE,47.44750,11.35055,
46°42'07",13°04'36",2276,661,TORKOFEL,46.70194,13.07666,
46°38'11",12°22'42",3092,661,ELFERKOFEL / CIMA UNDICI,46.63638,12.37833,
47°30'09",14°56'04",2165,660,EISENERZER REICHENSTEIN,47.50250,14.93444,
46°33'36",12°37'29",2334,660,MONTE TERZA PICCOLA,46.56000,12.62472,
47°12'39",13°36'53",2526,660,GROSSER GURPITSCHECK,47.21083,13.61472,
46°41'13",09°57'46",3229,660,PIZ VADRET,46.68694,9.96277,
45°20'11",05°42'18",1920,659,GRANDE SURE,45.33638,5.70500,
47°33'13",14°43'22",2217,659,LUGAUER,47.55361,14.72277,
47°28'34",13°53'06",2139,658,KAMMSPITZ,47.47611,13.88500,
47°25'06",11°32'56",2452,658,GAMSJOCH,47.41833,11.54888,
46°33'05",12°00'51",2989,658,FANIS (PUNTA DI MEZZO),46.55138,12.01416,
45°49'51",09°22'48",922,657,MONTE BARRO,45.83083,9.38000,
46°52'39",13°42'45",2440,657,ROSENNOCK,46.87750,13.71250,
44°29'09",05°11'47",1451,656,MONTAGNE DE MIÉLANDRE,44.48583,5.19638,
47°33'18",10°19'13",1738,656,GRÜNTEN,47.55500,10.32027,
46°28'08",07°44'05",3643,656,GROSS DOLDENHORN,46.46888,7.73472,
47°39'09",14°14'29",2388,655,WARSCHENECK,47.65250,14.24138,
46°52'28",09°03'56",3158,655,HAUSSTOCK,46.87444,9.06555,
44°12'03",05°44'14",1622,654,MONTAGNE DU PE DE MUOU,44.20083,5.73722,
47°26'06",11°31'09",2427,654,LALIDERER FALK,47.43500,11.51916,
46°30'52",10°16'09",2937,654,CIMA OVEST DI PLATOR,46.51444,10.26916,
47°50'39",14°06'07",1599,653,KREMSMAUER,47.84416,14.10194,
45°48'37",10°53'20",2079,653,MONTE ALTISSIMO DI NAGO,45.81027,10.88888,
47°01'37",12°12'19",3496,653,RÖTSPITZE,47.02694,12.20527,
47°40'52",12°08'20",1448,652,WILDBARREN,47.68111,12.13888,
44°06'39",07°12'10",2674,651,MONT PEPOIRI,44.11083,7.20277,
47°05'17",13°47'07",1779,650,HOCHKOPF,47.08805,13.78527,
44°35'21",05°20'38",1613,649,LA SERVELLE,44.58916,5.34388,
47°15'55",09°52'47",2134,648,GLATTHORN / DAMÜLSER HORN,47.26527,9.87972,
46°53'27",10°13'39",3399,647,FLUCHTHORN,46.89083,10.22750,
45°52'14",07°29'28",3504,646,BECCA DE LUSENEY,45.87055,7.49111,
45°55'19",08°51'09",1129,645,MONTE PIAMBELLO,45.92194,8.85250,
46°11'42",14°58'13",1204,644,CRNI VRH (2),46.19500,14.97027,
46°18'03",06°38'47",1881,644,MONT OUZON,46.30083,6.64638,
44°15'46",05°34'19",1532,643,MONTAGNE DE CHAMOUSE,44.26277,5.57194,
44°22'07",06°08'06",1825,643,GRANDE GAUTIÈRE,44.36861,6.13500,
45°49'51",07°47'12",3315,643,TESTA GRIGIA,45.83083,7.78666,
44°25'48",05°44'42",1434,641,ROCHER D'ARAMBRE,44.43000,5.74500,
47°51'39",14°53'22",1339,640,FRIESLING,47.86083,14.88944,
45°52'21",07°58'15",2964,640,MONTE TAGLIAFERRO,45.87250,7.97083,
45°46'15",11°17'57",1691,639,MONTE RIONE,45.77083,11.29916,
47°33'10",14°21'57",1737,639,DÜRRENSCHÖBERL,47.55277,14.36583,
47°57'25",15°39'51",1399,638,REISALPE,47.95694,15.66416,
46°39'32",11°49'12",2875,638,PEITLERKOFEL / SASS DE PUTIA,46.65888,11.82000,
46°20'05",11°27'17",2439,637,LA ROCCA / SCHWARZHORN,46.33472,11.45472,
46°32'10",10°13'39",2932,637,MONTE PETTINI,46.53611,10.22750,
43°49'00",05°28'08",1125,636,MOURRE NÈGRE,43.81666,5.46888,
46°47'17",07°54'06",2197,636,HOHGANT,46.78805,7.90166,
46°32'05",11°05'10",2434,636,GROSSE LAUGENSPITZE / MONTE LUCO GRANDE,46.53472,11.08611,
45°40'23",10°35'31",1581,635,MONTE PIZZOCOLO,45.67305,10.59194,
46°14'23",12°34'38",2067,635,MONTE RESSETÙM,46.23972,12.57722,
45°03'50",06°26'03",3228,635,GRAND GALIBIER,45.06388,6.43416,
47°21'45",15°25'28",1720,634,HOCHLANTSCH,47.36250,15.42444,
47°26'36",14°24'16",2448,634,GROSSER BÖSENSTEIN,47.44333,14.40444,
45°59'56",11°41'16",1512,633,MONEGA DI CAMPO,45.99888,11.68777,
47°35'09",11°28'06",1532,633,STAFFEL,47.58583,11.46833,
46°22'00",08°49'52",2741,633,MADOM GRÖSS / MADONNE GROSSO,46.36666,8.83111,
46°01'24",07°53'03",4199,633,RIMPFISCHHORN,46.02333,7.88416,
47°47'38",15°29'29",1766,632,GÖLLER,47.79388,15.49138,
47°10'19",10°02'27",2539,632,PÖNGERTLEKOPF,47.17194,10.04083,
46°45'44",09°58'00",3085,632,FLÜELA-WISSHORN,46.76222,9.96666,
46°53'19",12°14'10",2836,631,KÄRLSKOPF / MONTE OUAIRA,46.88861,12.23611,
46°32'36",09°48'37",3246,631,PIZ OT,46.54333,9.81027,
47°40'26",12°36'35",1776,630,DÜRRNBACHHORN,47.67388,12.60972,
45°57'52",07°30'10",3716,629,L'EVÊQUE,45.96444,7.50277,
47°24'19",15°21'34",1629,628,RENNFELD,47.40527,15.35944,
47°01'29",09°48'36",2830,627,DREI TÜRME,47.02472,9.81000,
47°24'44",11°36'18",2457,625,SONNJOCH,47.41222,11.60500,
45°53'30",07°15'06",3731,625,MONT VÉLAN,45.89166,7.25166,
46°05'41",09°24'53",2609,624,MONTE LEGNONE,46.09472,9.41472,
46°15'53",08°14'17",2906,623,PIZZO DIEI,46.26472,8.23805,
46°36'28",12°02'40",2794,622,COL BECHEI DI SOPRA,46.60777,12.04444,
45°40'42",10°15'05",1352,621,CORNA DEL SONCLINO,45.67833,10.25138,
47°39'39",11°41'48",1668,621,HIRSCHBERG,47.66083,11.69666,
46°33'56",13°30'00",2052,620,OISTERNIG,46.56555,13.50000,
46°17'42",09°36'07",3369,620,PIZZO CENGALO,46.29500,9.60194,
46°24'48",07°55'34",3824,620,NESTHORN,46.41333,7.92611,
46°29'38",08°05'49",3906,620,GROSS WANNENHORN,46.49388,8.09694,
43°48'55",06°28'47",1659,619,MONTAGNE DE ROBION,43.81527,6.47972,
47°29'05",10°48'31",1823,619,ZWIESELBERG (HOCHJOCH),47.48472,10.80861,
46°18'43",12°35'04",2323,619,MONTE CORNAGÊT,46.31194,12.58444,
45°54'15",07°21'58",3518,619,MONT GELÉ,45.90416,7.36611,
47°36'32",13°54'15",1756,618,TÜRKENKOGEL,47.60888,13.90416,
46°23'04",12°15'29",2183,618,MONTE RITE,46.38444,12.25805,
46°57'40",12°01'44",3135,618,CIMA DURA / DURRECK,46.96111,12.02888,
47°52'25",14°28'58",1253,617,FAHRENBERG,47.87361,14.48277,
45°42'51",07°59'56",2555,617,CIMA DI BO,45.71416,7.99888,
44°25'49",06°07'14",1596,616,SOMMET DE MONSÉRIEUX,44.43027,6.12055,
47°33'37",15°05'10",1835,616,MESSNERIN,47.56027,15.08611,
46°47'12",08°31'28",3198,616,GROSS SPANNORT,46.78666,8.52444,
47°51'42",14°43'58",1167,615,GAFLENZER KEIBLING,47.86166,14.73277,
47°20'44",11°27'10",2696,615,GROSSER LAFATSCHER,47.34555,11.45277,
46°41'10",13°24'05",1852,613,LAKA,46.68611,13.40138,
44°09'17",06°58'21",2817,613,MONT MOUNIER,44.15472,6.97250,
47°29'37",13°30'42",2458,612,GROSSE BISCHOFSMÜTZE,47.49361,13.51166,
46°01'29",06°51'10",3096,612,MONT BUET,46.02472,6.85277,
43°32'23",05°38'49",1011,611,PIC DE MOUCHES,43.53972,5.64694,
47°06'58",09°56'00",2089,610,ITONSKOPF,47.11611,9.93333,
46°28'45",12°05'53",2715,610,CIMA D'AMBRIZZOLA,46.47916,12.09805,
47°18'37",09°53'02",2095,609,DAMÜLSER MITTAGSSPITZE,47.31027,9.88388,
46°44'09",09°56'30",3146,609,SCHWARZHORN,46.73583,9.94166,
46°14'27",12°20'33",1938,608,CIMA MORA,46.24083,12.34250,
47°42'39",14°54'04",1808,607,HOCHKAR,47.71083,14.90111,
47°19'12",11°17'08",2405,607,ERLSPITZE,47.32000,11.28555,
46°54'28",09°14'23",3099,607,PIZ SEGNAS,46.90777,9.23972,
47°53'15",14°11'44",1097,606,STEINKOGEL,47.88750,14.19555,
46°23'28",15°14'32",1272,606,BASALISCE,46.39111,15.24222,
47°49'32",15°44'22",1370,606,HANDLESBERG,47.82555,15.73944,
46°15'33",14°49'03",1508,606,VIVODNIK,46.25916,14.81750,
45°54'51",10°10'24",1703,606,MONTE ALTISSIMO,45.91416,10.17333,
46°16'00",13°39'32",2244,605,KRN,46.26666,13.65888,
46°05'59",06°33'06",1343,604,MONT ORCHEZ,46.09972,6.55166,
46°31'13",09°33'33",3262,604,PIZ FORBESCH,46.52027,9.55916,
44°27'41",05°05'53",1338,603,ROCHER GARAUX,44.46138,5.09805,
47°36'25",12°16'40",2001,603,VORDERER KESSELSCHNEID,47.60694,12.27777,
45°56'42",08°12'32",2421,603,CIMA DI CAPEZZONE,45.94500,8.20888,
47°20'52",11°04'19",2662,603,HOHE MUNDE,47.34777,11.07194,
45°44'06",08°09'18",2044,602,MONTE BARONE,45.73500,8.15500,
46°15'58",12°09'21",2542,602,MONTE TALVENA,46.26611,12.15583,
47°04'12",09°08'39",2441,601,MÜRTSCHENSTOCK (RUCHEN),47.07000,9.14416,
46°01'28",10°26'55",2897,601,MONTE FRISOZZO,46.02444,10.44861,
46°55'52",09°52'20",2826,600,MADRISAHORN,46.93111,9.87222,
45°37'14",07°28'34",3512,600,PUNTA TERSIVA,45.62055,7.47611,
47°13'46",10°03'52",2649,599,BRAUNARLSPITZE,47.22944,10.06444,
46°30'42",07°49'39",3436,599,GSPALTENHORN,46.51166,7.82750,
45°36'01",10°20'10",1168,598,MONTE UCIA,45.60027,10.33611,
44°39'19",05°39'15",1916,598,TOUSSIÈRE,44.65527,5.65416,
44°02'06",07°12'46",2098,598,MONT CHALANCHE,44.03500,7.21277,
46°10'46",10°53'59",3150,598,CIMA BRENTA,46.17944,10.89972,
46°02'11",08°00'03",3436,598,STELLIHORN,46.03638,8.00083,
47°48'18",13°06'45",1287,597,GAISBERG,47.80500,13.11250,
46°06'17",11°49'16",2335,597,MONTE PAVIONE,46.10472,11.82111,
43°48'57",06°58'16",1778,596,CIME DU CHEIRON,43.81583,6.97111,
45°55'52",11°24'49",2015,595,MONTE VERENA,45.93111,11.41361,
46°40'31",12°31'28",2689,595,GROSSE KINIGAT,46.67527,12.52444,
47°38'37",13°21'30",1782,594,EGELSEEHÖRNDL,47.64361,13.35833,
44°43'27",05°38'51",2051,594,MONTAGNE DE JOCOU,44.72416,5.64750,
47°12'23",10°22'10",2895,594,WETTERSPITZE,47.20638,10.36944,
47°04'34",12°05'31",3251,593,RAUCHKOFEL,47.07611,12.09194,
47°45'42",12°33'35",1671,592,HOCHFELLN,47.76166,12.55972,
47°30'53",11°44'20",2078,591,VORDERUNNÜTZ,47.51472,11.73888,
46°33'41",13°09'04",2143,591,MONTE ZERMULA,46.56138,13.15111,
45°56'43",08°27'09",794,590,MONT' ORFANO,45.94527,8.45250,
46°27'00",14°41'15",1929,590,GOVCA,46.45000,14.68750,
